{"cameraMode":{"drawMode":0,"name":"Shaded","section":"Shading Mode"},"sceneLighting":true,"audioPlay":false,"sceneViewState":{"m_AlwaysRefresh":false,"showFog":true,"showSkybox":true,"showFlares":true,"showImageEffects":true,"showParticleSystems":true,"showVisualEffectGraphs":true,"m_FxEnabled":true},"in2DMode":false,"pivot":{"x":626.05419921875,"y":914.3931274414063,"z":-17.80853271484375},"rotation":{"x":-0.011999592185020447,"y":0.004499658010900021,"z":0.00005399849032983184,"w":0.9999179244041443},"size":1117.4219970703125,"orthographic":false}