{"cameraMode":{"drawMode":0,"name":"Shaded","section":"Shading Mode"},"sceneLighting":false,"audioPlay":false,"sceneViewState":{"m_AlwaysRefresh":false,"showFog":true,"showSkybox":false,"showFlares":true,"showImageEffects":true,"showParticleSystems":true,"showVisualEffectGraphs":true,"m_FxEnabled":true},"in2DMode":false,"pivot":{"x":0.03573405742645264,"y":0.3972732424736023,"z":0.0070736706256866459},"rotation":{"x":-0.011999592185020447,"y":0.004499658010900021,"z":0.00005399849032983184,"w":0.9999179244041443},"size":0.6780405044555664,"orthographic":true}