{"cameraMode":{"drawMode":0,"name":"Shaded","section":"Shading Mode"},"sceneLighting":false,"audioPlay":false,"sceneViewState":{"m_AlwaysRefresh":false,"showFog":true,"showSkybox":false,"showFlares":true,"showImageEffects":true,"showParticleSystems":true,"showVisualEffectGraphs":true,"m_FxEnabled":true},"in2DMode":false,"pivot":{"x":0.006584048271179199,"y":0.4170827269554138,"z":-0.0074585676193237309},"rotation":{"x":-0.011999592185020447,"y":0.004499658010900021,"z":0.00005399849032983184,"w":0.9999179244041443},"size":1.323407530784607,"orthographic":true}